-- --------------------------------------------------------
-- 호스트:                          127.0.0.1
-- 서버 버전:                        10.11.6-MariaDB - mariadb.org binary distribution
-- 서버 OS:                        Win64
-- HeidiSQL 버전:                  12.3.0.6589
-- --------------------------------------------------------

/*!40101 SET @OLD_CHARACTER_SET_CLIENT=@@CHARACTER_SET_CLIENT */;
/*!40101 SET NAMES utf8 */;
/*!50503 SET NAMES utf8mb4 */;
/*!40103 SET @OLD_TIME_ZONE=@@TIME_ZONE */;
/*!40103 SET TIME_ZONE='+00:00' */;
/*!40014 SET @OLD_FOREIGN_KEY_CHECKS=@@FOREIGN_KEY_CHECKS, FOREIGN_KEY_CHECKS=0 */;
/*!40101 SET @OLD_SQL_MODE=@@SQL_MODE, SQL_MODE='NO_AUTO_VALUE_ON_ZERO' */;
/*!40111 SET @OLD_SQL_NOTES=@@SQL_NOTES, SQL_NOTES=0 */;

-- 테이블 데이터 db_test.employees:~0 rows (대략적) 내보내기

-- 테이블 데이터 db_test.exampletable:~0 rows (대략적) 내보내기

-- 테이블 데이터 db_test.pokemon:~3 rows (대략적) 내보내기
INSERT INTO `pokemon` (`PokemonID`, `Name`, `Type`, `Level`, `EvolutionStage`, `TrainerID`) VALUES
	(1, 'Pikachu', 'Electric', 25, 'Raichu', 1),
	(2, 'Bulbasaur', 'Grass/Poison', 20, 'Ivysaur', 2),
	(3, 'Charmander', 'Fire', 18, 'Charmeleon', 3);

-- 테이블 데이터 db_test.tcity:~8 rows (대략적) 내보내기
INSERT INTO `tcity` (`NAME`, `area`, `popu`, `metro`, `region`) VALUES
	('부산', 765, 342, 'y', '경상'),
	('서울', 605, 974, 'y', '경기'),
	('순천', 910, 27, 'n', '전라'),
	('오산', 42, 21, 'n', '경기'),
	('전주', 205, 65, 'n', '전라'),
	('청주', 940, 83, 'n', '충청'),
	('춘천', 1116, 27, 'n', '강원'),
	('홍천', 1819, 7, 'n', '강원');

-- 테이블 데이터 db_test.trainer:~3 rows (대략적) 내보내기
INSERT INTO `trainer` (`TrainerID`, `TrainerName`) VALUES
	(1, 'Ash Ketchum'),
	(2, 'Misty'),
	(3, 'Brock');

-- 테이블 데이터 db_test.tstaff:~20 rows (대략적) 내보내기
INSERT INTO `tstaff` (`NAME`, `depart`, `gender`, `joindate`, `grade`, `salary`, `score`) VALUES
	('강감찬', '영업부', '남', '2018-10-09', '사원', 320, 56.00),
	('김유신', '총무부', '남', '2000-02-03', '이사', 420, 88.80),
	('논개', '인사과', '여', '2010-09-16', '대리', 340, 46.20),
	('대조영', '총무부', '남', '2020-07-07', '차장', 290, 49.90),
	('선덕여왕', '인사과', '여', '2017-08-03', '사원', 315, 45.10),
	('성삼문', '영업부', '남', '2014-06-08', '대리', 285, 87.75),
	('신사임당', '영업부', '여', '2013-06-19', '부장', 400, 92.00),
	('안중근', '인사과', '남', '2012-05-05', '대리', 256, 76.50),
	('안창호', '영업부', '남', '2015-08-15', '사원', 370, 74.20),
	('유관순', '영업부', '여', '2009-03-01', '과장', 380, NULL),
	('윤봉길', '영업부', '남', '2015-08-15', '과장', 350, 71.25),
	('을지문덕', '영업부', '남', '2019-06-29', '사원', 330, NULL),
	('이사부', '총무부', '남', '2000-02-03', '대리', 375, 50.00),
	('이율곡', '총무부', '남', '2016-03-08', '과장', 385, 65.40),
	('장보고', '인사과', '남', '2005-04-01', '부장', 440, 58.30),
	('정몽주', '총무부', '남', '2010-09-16', '대리', 370, 89.50),
	('정약용', '총무부', '남', '2020-03-14', '과장', 380, 69.80),
	('허난설헌', '인사과', '여', '2020-01-05', '사원', 285, 44.50),
	('홍길동', '인사과', '남', '2019-08-08', '차장', 380, 77.70),
	('황진이', '인사과', '여', '2012-05-05', '사원', 275, 52.50);

-- 테이블 데이터 db_test.고객:~7 rows (대략적) 내보내기
INSERT INTO `고객` (`고객아이디`, `고객이름`, `나이`, `등급`, `직업`, `적립금`) VALUES
	('apple', '정소화', 20, 'gold', '학생', 1000),
	('banana', '김선우', 25, 'vip', '간호사', 2500),
	('carrot', '고명석', 28, 'gold', '교사', 4500),
	('melon', '성원용', 35, 'gold', '회사원', 5000),
	('orange', '김용욱', 22, 'silver', '학생', 0),
	('peach', '오형준', NULL, 'silver', '의사', 300),
	('pear', '채광주', 31, 'silver', '회사원', 500);

-- 테이블 데이터 db_test.제품:~7 rows (대략적) 내보내기
INSERT INTO `제품` (`제품번호`, `제품명`, `재고량`, `단가`, `제조업체`) VALUES
	('p01', '그냥만두', 5000, 4500, '대한식품'),
	('p02', '매운쫄면', 2500, 5500, '민국푸드'),
	('p03', '쿵떡파이', 3600, 2600, '한빛제과'),
	('p04', '맛난초콜릿', 1250, 2500, '한빛제과'),
	('p05', '얼큰라면', 2200, 1200, '대한식품'),
	('p06', '통통우동', 1000, 1550, '민국푸드'),
	('p07', '달콤비스킷', 1650, 1500, '한빛제과');

-- 테이블 데이터 db_test.주문:~10 rows (대략적) 내보내기
INSERT INTO `주문` (`주문번호`, `주문고객`, `주문제품`, `수량`, `배송지`, `주문일자`) VALUES
	('o01', 'apple', 'p03', 10, '서울시 마포구', '2019-01-01'),
	('o02', 'melon', 'p01', 5, '인천시 계양구', '2019-01-10'),
	('o03', 'banana', 'p06', 45, '경기도 부천시', '2019-01-11'),
	('o04', 'carrot', 'p02', 8, '부산시 금정구', '2019-02-01'),
	('o05', 'melon', 'p06', 36, '경기도 용인시', '2019-02-20'),
	('o06', 'banana', 'p01', 19, '충청북도 보은군', '2019-03-02'),
	('o07', 'apple', 'p03', 22, '서울시 영등포구', '2019-03-15'),
	('o08', 'pear', 'p02', 50, '강원도 춘천시', '2019-04-10'),
	('o09', 'banana', 'p04', 15, '전라남도 목포시', '2019-04-11'),
	('o10', 'carrot', 'p03', 20, '경기도 안양시', '2019-05-22');

/*!40103 SET TIME_ZONE=IFNULL(@OLD_TIME_ZONE, 'system') */;
/*!40101 SET SQL_MODE=IFNULL(@OLD_SQL_MODE, '') */;
/*!40014 SET FOREIGN_KEY_CHECKS=IFNULL(@OLD_FOREIGN_KEY_CHECKS, 1) */;
/*!40101 SET CHARACTER_SET_CLIENT=@OLD_CHARACTER_SET_CLIENT */;
/*!40111 SET SQL_NOTES=IFNULL(@OLD_SQL_NOTES, 1) */;
